아이디,이름,주소,전화번호,이메일
bagjia,양도현,전라남도 제천시 압구정92길 455-85,032-816-0555,jgweon@example.com
namsangceol,최현지,전라북도 예산군 강남대947길 750-9 (지원김마을),031-134-6220,eomsangceol@example.com
hanseoyeong,장준호,전라북도 부천시 논현947로 267 (승현손김리),033-856-8192,ggim@example.com
jeongsug40,김채원,세종특별자치시 동작구 도산대길 782 (민석허윤리),044-377-3687,jeonghun42@example.net
igim,이은정,강원도 안양시 동안구 테헤란02거리 846 (지연김엄리),044-700-7922,ajang@example.org
coejinu,김준영,전라남도 안산시 단원구 테헤란길 878-78 (민서권한리),032-601-7087,igyeongsu@example.net
yejin20,이서준,전라북도 이천시 테헤란26거리 689-9,018-924-0912,vgweon@example.com
seoyeonggim,박성훈,충청남도 청주시 상당구 서초대로 258,070-3683-3502,djang@example.org
jeongsug48,박은정,부산광역시 강북구 가락79거리 지하346 (영희노이리),011-450-8235,minjigim@example.net
zha,최도윤,광주광역시 서구 서초대가 152 (보람박리),062-497-2116,cjang@example.com
